SENDER,TEXTS,❤️,😍,💖,🧡,💕,😘,🥰,LOVE.M,LOVE.H,LOVE.B,LOVE.Me,LOVE,😂,EMOS,EMOS.M,EMOS.H,EMOS.B,EMOS.Me,EMOS,!,EXC.M,EXC.H,EXC.B,EXC.Me,CAPS,CAPS.M,CAPS.H,CAPS.B,CAPS.Me,CALL,RELEVANCE
Housies1, HIHIHI sebuah jalan yang dibukakan🤪,0,0,0,0,0,0,0,0,0,0,0,0,,1,0,1,0,0,2,0,0,0,0,0,FALSE,FALSE,FALSE,FALSE,FALSE,FALSE,STAY
Me.M, ❤️,1,0,0,0,0,0,0,0,0,0,1,1,😌,0,0,0,0,0,0,0,0,0,0,0,TRUE,FALSE,FALSE,FALSE,TRUE,FALSE,STAY
Housies1, ❤️,1,0,0,0,0,0,0,0,1,0,0,1,👍,0,0,0,0,0,0,0,0,0,0,0,TRUE,FALSE,TRUE,FALSE,FALSE,FALSE,STAY
Me.M, ❤️❤️,2,0,0,0,0,0,0,0,0,0,2,2,🙏🏼,0,0,0,0,0,0,0,0,0,0,0,TRUE,FALSE,FALSE,FALSE,TRUE,FALSE,STAY
Me.M," ❤️❤️ ade kamis besok vaksin mam, bareng Sharen",2,0,0,0,0,0,0,0,0,0,2,2,😱,0,0,0,0,0,0,0,0,0,0,0,FALSE,FALSE,FALSE,FALSE,FALSE,FALSE,STAY
Me.M, ❤️❤️❤️,3,0,0,0,0,0,0,0,0,0,3,3,☺️,0,0,0,0,0,0,0,0,0,0,0,TRUE,FALSE,FALSE,FALSE,TRUE,FALSE,STAY
Mom, ❤️🤗,1,0,0,0,0,0,0,1,0,0,0,1,🙈,0,0,0,0,0,0,0,0,0,0,0,TRUE,TRUE,FALSE,FALSE,FALSE,FALSE,STAY
Me.M, 💕,0,0,0,0,1,0,0,0,0,0,1,1,🥲,0,0,0,0,0,0,0,0,0,0,0,TRUE,FALSE,FALSE,FALSE,TRUE,FALSE,STAY
Me.H, 💖💖💖💖,0,0,4,0,0,0,0,0,0,0,4,4,😉,0,0,0,0,0,0,0,0,0,0,0,TRUE,FALSE,FALSE,FALSE,TRUE,FALSE,STAY
Mom, 🤗,0,0,0,0,0,0,0,0,0,0,0,0,😆,0,0,0,0,0,0,0,0,0,0,0,TRUE,TRUE,FALSE,FALSE,FALSE,FALSE,STAY
Mom, 🤗🤗🤗,0,0,0,0,0,0,0,0,0,0,0,0,🤪,0,0,0,0,0,0,0,0,0,0,0,TRUE,TRUE,FALSE,FALSE,FALSE,FALSE,STAY
Me.H, 🤣🤣 saya udah ganti baju balik kasur🤣🤣🤣,0,0,0,0,0,0,0,0,0,0,0,0,,5,0,0,0,5,10,0,0,0,0,0,FALSE,FALSE,FALSE,FALSE,FALSE,FALSE,STAY
Mom, 🤣🤣🤣,0,0,0,0,0,0,0,0,0,0,0,0,,3,3,0,0,0,6,0,0,0,0,0,TRUE,TRUE,FALSE,FALSE,FALSE,FALSE,STAY
Mom, 🤣🤣🤣,0,0,0,0,0,0,0,0,0,0,0,0,,3,3,0,0,0,6,0,0,0,0,0,TRUE,TRUE,FALSE,FALSE,FALSE,FALSE,STAY
Mom, 🤣🤣🤣,0,0,0,0,0,0,0,0,0,0,0,0,,3,3,0,0,0,6,0,0,0,0,0,TRUE,TRUE,FALSE,FALSE,FALSE,FALSE,STAY
Me.M, 🤣🤣🤣,0,0,0,0,0,0,0,0,0,0,0,0,,3,0,0,0,3,6,0,0,0,0,0,TRUE,FALSE,FALSE,FALSE,TRUE,FALSE,STAY
Housies1, 🤣🤣🤣,0,0,0,0,0,0,0,0,0,0,0,0,,3,0,3,0,0,6,0,0,0,0,0,TRUE,FALSE,TRUE,FALSE,FALSE,FALSE,STAY
Housies1, 🤪🤪🤪🤪😂😂,0,0,0,0,0,0,0,0,0,0,0,0,,6,0,6,0,0,12,0,0,0,0,0,TRUE,FALSE,TRUE,FALSE,FALSE,FALSE,STAY
Me.M, 🥰🥰,0,0,0,0,0,0,2,0,0,0,2,2,,0,0,0,0,0,0,0,0,0,0,0,TRUE,FALSE,FALSE,FALSE,TRUE,FALSE,STAY
Housies2, 🥳🥳 mandiii,0,0,0,0,0,0,0,0,0,0,0,0,,2,0,2,0,0,4,0,0,0,0,0,FALSE,FALSE,FALSE,FALSE,FALSE,FALSE,STAY
Me.H, 🥳🥳🥳🥳🥳,0,0,0,0,0,0,0,0,0,0,0,0,,5,0,0,0,5,10,0,0,0,0,0,TRUE,FALSE,FALSE,FALSE,TRUE,FALSE,STAY
Me.M, 🥺,0,0,0,0,0,0,0,0,0,0,0,0,,1,0,0,0,1,2,0,0,0,0,0,TRUE,FALSE,FALSE,FALSE,TRUE,FALSE,STAY
Me.H, 🥺❤️,1,0,0,0,0,0,0,0,0,0,1,1,,1,0,0,0,1,2,0,0,0,0,0,TRUE,FALSE,FALSE,FALSE,TRUE,FALSE,STAY
Housies2, 😂,0,0,0,0,0,0,0,0,0,0,0,0,,1,0,1,0,0,2,0,0,0,0,0,TRUE,FALSE,TRUE,FALSE,FALSE,FALSE,STAY
Housies2, 😂,0,0,0,0,0,0,0,0,0,0,0,0,,1,0,1,0,0,2,0,0,0,0,0,TRUE,FALSE,TRUE,FALSE,FALSE,FALSE,STAY
Housies1, 😂,0,0,0,0,0,0,0,0,0,0,0,0,,1,0,1,0,0,2,0,0,0,0,0,TRUE,FALSE,TRUE,FALSE,FALSE,FALSE,STAY
Housies1, 😂,0,0,0,0,0,0,0,0,0,0,0,0,,1,0,1,0,0,2,0,0,0,0,0,TRUE,FALSE,TRUE,FALSE,FALSE,FALSE,STAY
Housies1, 😂,0,0,0,0,0,0,0,0,0,0,0,0,,1,0,1,0,0,2,0,0,0,0,0,TRUE,FALSE,TRUE,FALSE,FALSE,FALSE,STAY
Me.M, 😂😂,0,0,0,0,0,0,0,0,0,0,0,0,,2,0,0,0,2,4,0,0,0,0,0,TRUE,FALSE,FALSE,FALSE,TRUE,FALSE,STAY
Me.H, 😂😂,0,0,0,0,0,0,0,0,0,0,0,0,,2,0,0,0,2,4,0,0,0,0,0,TRUE,FALSE,FALSE,FALSE,TRUE,FALSE,STAY
Housies2, 😂😂,0,0,0,0,0,0,0,0,0,0,0,0,,2,0,2,0,0,4,0,0,0,0,0,TRUE,FALSE,TRUE,FALSE,FALSE,FALSE,STAY
Housies2, 😂😂,0,0,0,0,0,0,0,0,0,0,0,0,,2,0,2,0,0,4,0,0,0,0,0,TRUE,FALSE,TRUE,FALSE,FALSE,FALSE,STAY
Housies2, 😂😂,0,0,0,0,0,0,0,0,0,0,0,0,,2,0,2,0,0,4,0,0,0,0,0,TRUE,FALSE,TRUE,FALSE,FALSE,FALSE,STAY
Me.M, 😂😂 hahahaa,0,0,0,0,0,0,0,0,0,0,0,0,,2,0,0,0,2,4,0,0,0,0,0,FALSE,FALSE,FALSE,FALSE,FALSE,FALSE,STAY
Me.H, 😂😂 omgg,0,0,0,0,0,0,0,0,0,0,0,0,,2,0,0,0,2,4,0,0,0,0,0,FALSE,FALSE,FALSE,FALSE,FALSE,FALSE,STAY
Me.H, 😂😂😂,0,0,0,0,0,0,0,0,0,0,0,0,,3,0,0,0,3,6,0,0,0,0,0,TRUE,FALSE,FALSE,FALSE,TRUE,FALSE,STAY
Housies1, 😂😂😂,0,0,0,0,0,0,0,0,0,0,0,0,,3,0,3,0,0,6,0,0,0,0,0,TRUE,FALSE,TRUE,FALSE,FALSE,FALSE,STAY
Housies1, 😂😂😂,0,0,0,0,0,0,0,0,0,0,0,0,,3,0,3,0,0,6,0,0,0,0,0,TRUE,FALSE,TRUE,FALSE,FALSE,FALSE,STAY
Me.H, 😂😂😂 HAHAHHAA BUNDA,0,0,0,0,0,0,0,0,0,0,0,0,,3,0,0,0,3,6,0,0,0,0,0,TRUE,FALSE,FALSE,FALSE,TRUE,FALSE,STAY
Me.H, 😂😂😂 kirain delayy auspost,0,0,0,0,0,0,0,0,0,0,0,0,,3,0,0,0,3,6,0,0,0,0,0,FALSE,FALSE,FALSE,FALSE,FALSE,FALSE,STAY
Housies2, 😂😂😂 samaaa tdi i ketemu dia pas kluar dri toilet,0,0,0,0,0,0,0,0,0,0,0,0,,3,0,3,0,0,6,0,0,0,0,0,FALSE,FALSE,FALSE,FALSE,FALSE,FALSE,STAY
Me.H, 😂😂😂😂,0,0,0,0,0,0,0,0,0,0,0,0,,4,0,0,0,4,8,0,0,0,0,0,TRUE,FALSE,FALSE,FALSE,TRUE,FALSE,STAY
Housies2, 😂😂😂😂,0,0,0,0,0,0,0,0,0,0,0,0,,4,0,4,0,0,8,0,0,0,0,0,TRUE,FALSE,TRUE,FALSE,FALSE,FALSE,STAY
Housies1, 😂😂😂😂,0,0,0,0,0,0,0,0,0,0,0,0,,4,0,4,0,0,8,0,0,0,0,0,TRUE,FALSE,TRUE,FALSE,FALSE,FALSE,STAY
Housies2, 😂😂😂😂😂,0,0,0,0,0,0,0,0,0,0,0,0,,5,0,5,0,0,10,0,0,0,0,0,TRUE,FALSE,TRUE,FALSE,FALSE,FALSE,STAY
Housies1, 😂😂😂😂😂,0,0,0,0,0,0,0,0,0,0,0,0,,5,0,5,0,0,10,0,0,0,0,0,TRUE,FALSE,TRUE,FALSE,FALSE,FALSE,STAY
Housies1, 😂😂😂yeahhh I meant for it to be my afternoon workout sekalian wkwk,0,0,0,0,0,0,0,0,0,0,0,0,,3,0,3,0,0,6,0,0,0,0,0,FALSE,FALSE,FALSE,FALSE,FALSE,FALSE,STAY
Mom, 😃,0,0,0,0,0,0,0,0,0,0,0,0,,1,1,0,0,0,2,0,0,0,0,0,TRUE,TRUE,FALSE,FALSE,FALSE,FALSE,STAY
Mom, 😅,0,0,0,0,0,0,0,0,0,0,0,0,,0,0,0,0,0,0,0,0,0,0,0,TRUE,TRUE,FALSE,FALSE,FALSE,FALSE,STAY
Housies1, 😌,0,0,0,0,0,0,0,0,0,0,0,0,,1,0,1,0,0,2,0,0,0,0,0,TRUE,FALSE,TRUE,FALSE,FALSE,FALSE,STAY
Me.H, 😍,0,1,0,0,0,0,0,0,0,0,1,1,,0,0,0,0,0,0,0,0,0,0,0,TRUE,FALSE,FALSE,FALSE,TRUE,FALSE,STAY
Me.H, 😍😍😍,0,3,0,0,0,0,0,0,0,0,3,3,,0,0,0,0,0,0,0,0,0,0,0,TRUE,FALSE,FALSE,FALSE,TRUE,FALSE,STAY
Me.H, 😍😍😍 adding to list,0,3,0,0,0,0,0,0,0,0,3,3,,0,0,0,0,0,0,0,0,0,0,0,FALSE,FALSE,FALSE,FALSE,FALSE,FALSE,STAY
Housies1, 😍😍😍🥳🥳🥳Wihiiiyy!!!!!!!!!!!,0,3,0,0,0,0,0,0,3,0,0,3,,3,0,3,0,0,6,11,0,11,0,0,FALSE,FALSE,FALSE,FALSE,FALSE,FALSE,STAY
Housies2, 😍😍😍😍,0,4,0,0,0,0,0,0,4,0,0,4,,0,0,0,0,0,0,0,0,0,0,0,TRUE,FALSE,TRUE,FALSE,FALSE,FALSE,STAY
Housies1, 😍😍😍😍,0,4,0,0,0,0,0,0,4,0,0,4,,0,0,0,0,0,0,0,0,0,0,0,TRUE,FALSE,TRUE,FALSE,FALSE,FALSE,STAY
Me.M, 😭😭,0,0,0,0,0,0,0,0,0,0,0,0,,0,0,0,0,0,0,0,0,0,0,0,TRUE,FALSE,FALSE,FALSE,TRUE,FALSE,STAY
Housies1, 😭hahaha,0,0,0,0,0,0,0,0,0,0,0,0,,1,0,1,0,0,2,0,0,0,0,0,FALSE,FALSE,FALSE,FALSE,FALSE,FALSE,STAY
Housies1, 😱,0,0,0,0,0,0,0,0,0,0,0,0,,1,0,1,0,0,2,0,0,0,0,0,TRUE,FALSE,TRUE,FALSE,FALSE,FALSE,STAY
Housies2, 😱😱😱,0,0,0,0,0,0,0,0,0,0,0,0,,3,0,3,0,0,6,0,0,0,0,0,TRUE,FALSE,TRUE,FALSE,FALSE,FALSE,STAY
Housies1, 🙏🏼,0,0,0,0,0,0,0,0,0,0,0,0,,2,0,2,0,0,4,0,0,0,0,0,TRUE,FALSE,TRUE,FALSE,FALSE,FALSE,STAY
Me.H, $20 jessiee thank youu☺️,0,0,0,0,0,0,0,0,0,0,0,0,,1,0,0,0,1,2,0,0,0,0,0,FALSE,FALSE,FALSE,FALSE,FALSE,FALSE,STAY
Housies1, 10.35 I FOUND OUT,0,0,0,0,0,0,0,0,0,0,0,0,,0,0,0,0,0,0,0,0,0,0,0,TRUE,FALSE,TRUE,FALSE,FALSE,FALSE,STAY
Mom, Aaah iyaa 😍,0,1,0,0,0,0,0,1,0,0,0,1,,0,0,0,0,0,0,0,0,0,0,0,FALSE,FALSE,FALSE,FALSE,FALSE,FALSE,STAY
Housies1, Ada satu yang kosongg. Tapi tadi i was in rush jd gakeburu bawa masuk🙈,0,0,0,0,0,0,0,0,0,0,0,0,,1,0,1,0,0,2,0,0,0,0,0,FALSE,FALSE,FALSE,FALSE,FALSE,FALSE,STAY
Me.M, Ada tanah kosong😂,0,0,0,0,0,0,0,0,0,0,0,0,,1,0,0,0,1,2,0,0,0,0,0,FALSE,FALSE,FALSE,FALSE,FALSE,FALSE,STAY
Mom, Ade 🤗,0,0,0,0,0,0,0,0,0,0,0,0,,1,1,0,0,0,2,0,0,0,0,0,FALSE,FALSE,FALSE,FALSE,FALSE,FALSE,STAY
Me.M, Ade’s project got accepted for the grantt ❤️🥰,1,0,0,0,0,0,1,0,0,0,2,2,,0,0,0,0,0,0,0,0,0,0,0,FALSE,FALSE,FALSE,FALSE,FALSE,FALSE,STAY
Mom, All the time ❤️🙏🏻,1,0,0,0,0,0,0,1,0,0,0,1,,0,0,0,0,0,0,0,0,0,0,0,FALSE,FALSE,FALSE,FALSE,FALSE,FALSE,STAY
Housies1, ALL wrong😂,0,0,0,0,0,0,0,0,0,0,0,0,,1,0,1,0,0,2,0,0,0,0,0,FALSE,FALSE,FALSE,FALSE,FALSE,FALSE,STAY
Mom," Amin 🙏🏻 pelan tapi maju, ga jalan di tempat ❤️😘",1,0,0,0,0,1,0,2,0,0,0,2,,0,0,0,0,0,0,0,0,0,0,0,FALSE,FALSE,FALSE,FALSE,FALSE,FALSE,STAY
Me.H, and do we want chips🙈,0,0,0,0,0,0,0,0,0,0,0,0,,1,0,0,0,1,2,0,0,0,0,0,FALSE,FALSE,FALSE,FALSE,FALSE,FALSE,STAY
Me.H, Anyone need groceries guys? ☺️,0,0,0,0,0,0,0,0,0,0,0,0,,1,0,0,0,1,2,0,0,0,0,0,FALSE,FALSE,FALSE,FALSE,FALSE,FALSE,STAY
Me.M, Atuh blm keluar sebulan HAHAHA,0,0,0,0,0,0,0,0,0,0,0,0,,0,0,0,0,0,0,0,0,0,0,0,TRUE,FALSE,FALSE,FALSE,TRUE,FALSE,STAY
Mom, Biasanya jongkok ampe sakit pinggang 🤣,0,0,0,0,0,0,0,0,0,0,0,0,,1,1,0,0,0,2,0,0,0,0,0,FALSE,FALSE,FALSE,FALSE,FALSE,FALSE,STAY
Housies1, Can i titip cake from here I ngidam😂,0,0,0,0,0,0,0,0,0,0,0,0,,1,0,1,0,0,2,0,0,0,0,0,FALSE,FALSE,FALSE,FALSE,FALSE,FALSE,STAY
Me.H, Cannn❤️,1,0,0,0,0,0,0,0,0,0,1,1,,0,0,0,0,0,0,0,0,0,0,0,FALSE,FALSE,FALSE,FALSE,FALSE,FALSE,STAY
Housies1, Delay*😂,0,0,0,0,0,0,0,0,0,0,0,0,,1,0,1,0,0,2,0,0,0,0,0,FALSE,FALSE,FALSE,FALSE,FALSE,FALSE,STAY
Mom," Di saat situasi kyk gini.. itu tuh jd 1 berkat ya, bahagia bgt ❤️",1,0,0,0,0,0,0,1,0,0,0,1,,0,0,0,0,0,0,0,0,0,0,0,FALSE,FALSE,FALSE,FALSE,FALSE,FALSE,STAY
Housies1, Dia uda pack blm?🙈,0,0,0,0,0,0,0,0,0,0,0,0,,1,0,1,0,0,2,0,0,0,0,0,FALSE,FALSE,FALSE,FALSE,FALSE,FALSE,STAY
Housies1, Eh dia gak ada siomay ya nevermind😂,0,0,0,0,0,0,0,0,0,0,0,0,,1,0,1,0,0,2,0,0,0,0,0,FALSE,FALSE,FALSE,FALSE,FALSE,FALSE,STAY
Housies1, Eh jo I kurang 5 dollar sekalian ya dari beras kmrn☺️,0,0,0,0,0,0,0,0,0,0,0,0,,1,0,1,0,0,2,0,0,0,0,0,FALSE,FALSE,FALSE,FALSE,FALSE,FALSE,STAY
Me.H, EHH GPAPA,0,0,0,0,0,0,0,0,0,0,0,0,,0,0,0,0,0,0,0,0,0,0,0,TRUE,FALSE,FALSE,FALSE,TRUE,FALSE,STAY
Housies1, Ehh how much was the cake yahh?😆,0,0,0,0,0,0,0,0,0,0,0,0,,1,0,1,0,0,2,0,0,0,0,0,FALSE,FALSE,FALSE,FALSE,FALSE,FALSE,STAY
Mom," Ga de, pak yudi sama tkg kebun yg biasa le rmh 😂",0,0,0,0,0,0,0,0,0,0,0,0,,1,1,0,0,0,2,0,0,0,0,0,FALSE,FALSE,FALSE,FALSE,FALSE,FALSE,STAY
Mom, Ga pelan pelan jg siiih 🙄,0,0,0,0,0,0,0,0,0,0,0,0,,1,1,0,0,0,2,0,0,0,0,0,FALSE,FALSE,FALSE,FALSE,FALSE,FALSE,STAY
Housies2, Goodmorningg maap telat🙈,0,0,0,0,0,0,0,0,0,0,0,0,,1,0,1,0,0,2,0,0,0,0,0,FALSE,FALSE,FALSE,FALSE,FALSE,FALSE,STAY
Mom," Gpp de ☺️ kpn aja ade mau telp, lemme know ya 🤗",0,0,0,0,0,0,0,0,0,0,0,0,,1,1,0,0,0,2,0,0,0,0,0,FALSE,FALSE,FALSE,FALSE,FALSE,FALSE,STAY
Housies1, guys dis gud ❤️ hihi sparkshorts di disney,1,0,0,0,0,0,0,0,1,0,0,1,,0,0,0,0,0,0,0,0,0,0,0,FALSE,FALSE,FALSE,FALSE,FALSE,FALSE,STAY
Me.H, Guys idk how to say this but our bins are missing??? 🥲🥲🥲,0,0,0,0,0,0,0,0,0,0,0,0,,3,0,0,0,3,6,0,0,0,0,0,FALSE,FALSE,FALSE,FALSE,FALSE,FALSE,STAY
Me.H, Guys idm split tho😂,0,0,0,0,0,0,0,0,0,0,0,0,,1,0,0,0,1,2,0,0,0,0,0,FALSE,FALSE,FALSE,FALSE,FALSE,FALSE,STAY
Housies1, Guys quick late night 💩-related yet necessary quesfion(?)🤣,0,0,0,0,0,0,0,0,0,0,0,0,,1,0,1,0,0,2,0,0,0,0,0,FALSE,FALSE,FALSE,FALSE,FALSE,FALSE,STAY
Me.H, HAHA LUCU BGTT,0,0,0,0,0,0,0,0,0,0,0,0,,0,0,0,0,0,0,0,0,0,0,0,TRUE,FALSE,FALSE,FALSE,TRUE,FALSE,STAY
Me.H, HAHA SO CUTE,0,0,0,0,0,0,0,0,0,0,0,0,,0,0,0,0,0,0,0,0,0,0,0,TRUE,FALSE,FALSE,FALSE,TRUE,FALSE,STAY
Housies1, HAHAHA salah ya🤣,0,0,0,0,0,0,0,0,0,0,0,0,,1,0,1,0,0,2,0,0,0,0,0,FALSE,FALSE,FALSE,FALSE,FALSE,FALSE,STAY
Mom," Hahaha.. abis tdnya kumuh gt kesannya, sekrg lbh fresh 😁",0,0,0,0,0,0,0,0,0,0,0,0,,1,1,0,0,0,2,0,0,0,0,0,FALSE,FALSE,FALSE,FALSE,FALSE,FALSE,STAY
Housies2, Hahahah dua2 nya ilang?😂,0,0,0,0,0,0,0,0,0,0,0,0,,1,0,1,0,0,2,0,0,0,0,0,FALSE,FALSE,FALSE,FALSE,FALSE,FALSE,STAY
Me.H, HAHAHAH THANK UUU,0,0,0,0,0,0,0,0,0,0,0,0,,0,0,0,0,0,0,0,0,0,0,0,TRUE,FALSE,FALSE,FALSE,TRUE,FALSE,STAY
Housies1, Hahahaha😂gogetfuuuuud,0,0,0,0,0,0,0,0,0,0,0,0,,1,0,1,0,0,2,0,0,0,0,0,FALSE,FALSE,FALSE,FALSE,FALSE,FALSE,STAY
Housies1, Hahahahah😂😂😂,0,0,0,0,0,0,0,0,0,0,0,0,,3,0,3,0,0,6,0,0,0,0,0,FALSE,FALSE,FALSE,FALSE,FALSE,FALSE,STAY
Housies1, HAHAHAHAHA,0,0,0,0,0,0,0,0,0,0,0,0,,0,0,0,0,0,0,0,0,0,0,0,TRUE,FALSE,TRUE,FALSE,FALSE,FALSE,STAY
Housies1, HAHAHAHAHHA,0,0,0,0,0,0,0,0,0,0,0,0,,0,0,0,0,0,0,0,0,0,0,0,TRUE,FALSE,TRUE,FALSE,FALSE,FALSE,STAY
Housies1, HAHAHHAHA🤣🤣🤣,0,0,0,0,0,0,0,0,0,0,0,0,,3,0,3,0,0,6,0,0,0,0,0,TRUE,FALSE,TRUE,FALSE,FALSE,FALSE,STAY
Housies1, HAHAHHAHAHAJJAJA,0,0,0,0,0,0,0,0,0,0,0,0,,0,0,0,0,0,0,0,0,0,0,0,TRUE,FALSE,TRUE,FALSE,FALSE,FALSE,STAY
Mom, Happy for you ade 😘🤗,0,0,0,0,0,1,0,1,0,0,0,1,,0,0,0,0,0,0,0,0,0,0,0,FALSE,FALSE,FALSE,FALSE,FALSE,FALSE,STAY
Me.M, Happy sunday mamii❤️,1,0,0,0,0,0,0,0,0,0,1,1,,0,0,0,0,0,0,0,0,0,0,0,FALSE,FALSE,FALSE,FALSE,FALSE,FALSE,STAY
Mom, Happy sunday ya ade ❤️,1,0,0,0,0,0,0,1,0,0,0,1,,0,0,0,0,0,0,0,0,0,0,0,FALSE,FALSE,FALSE,FALSE,FALSE,FALSE,STAY
Me.H, Helloo - i got us challah and croissants from baker bleu 😌 ill put in the kitchen hihi help urself yaa(why did i just choose one type of croissants 😂 stupid),0,0,0,0,0,0,0,0,0,0,0,0,,2,0,0,0,2,4,0,0,0,0,0,FALSE,FALSE,FALSE,FALSE,FALSE,FALSE,STAY
Housies1, HEMMMM,0,0,0,0,0,0,0,0,0,0,0,0,,0,0,0,0,0,0,0,0,0,0,0,TRUE,FALSE,TRUE,FALSE,FALSE,FALSE,STAY
Housies1, Hey housies I'm ordering fishbowl tonight (and maybe sometimes this week again🤣),0,0,0,0,0,0,0,0,0,0,0,0,,1,0,1,0,0,2,0,0,0,0,0,FALSE,FALSE,FALSE,FALSE,FALSE,FALSE,STAY
Me.M, Hihihi🥰🥰🥰,0,0,0,0,0,0,3,0,0,0,3,3,,0,0,0,0,0,0,0,0,0,0,0,FALSE,FALSE,FALSE,FALSE,FALSE,FALSE,STAY
Housies1, Hm gud question 🤣,0,0,0,0,0,0,0,0,0,0,0,0,,1,0,1,0,0,2,0,0,0,0,0,FALSE,FALSE,FALSE,FALSE,FALSE,FALSE,STAY
Housies1, Hmmm gak kepikiran😂 are u guys getting anything,0,0,0,0,0,0,0,0,0,0,0,0,,1,0,1,0,0,2,0,0,0,0,0,FALSE,FALSE,FALSE,FALSE,FALSE,FALSE,STAY
Me.H, HMMMM,0,0,0,0,0,0,0,0,0,0,0,0,,0,0,0,0,0,0,0,0,0,0,0,TRUE,FALSE,FALSE,FALSE,TRUE,FALSE,STAY
Housies1, Hopefully not🤣,0,0,0,0,0,0,0,0,0,0,0,0,,1,0,1,0,0,2,0,0,0,0,0,FALSE,FALSE,FALSE,FALSE,FALSE,FALSE,STAY
Housies1, HOUSIES FYI,0,0,0,0,0,0,0,0,0,0,0,0,,0,0,0,0,0,0,0,0,0,0,0,TRUE,FALSE,TRUE,FALSE,FALSE,FALSE,STAY
Housies1, housiessss wanna order grilld (40% off) tonight or tomorrow while it lastsss?🤣hihi,0,0,0,0,0,0,0,0,0,0,0,0,,1,0,1,0,0,2,0,0,0,0,0,FALSE,FALSE,FALSE,FALSE,FALSE,FALSE,STAY
Me.M, How are you mam🥺,0,0,0,0,0,0,0,0,0,0,0,0,,1,0,0,0,1,2,0,0,0,0,0,FALSE,FALSE,FALSE,FALSE,FALSE,FALSE,STAY
Me.M, Huahahah ohh okeey gpp mam😂,0,0,0,0,0,0,0,0,0,0,0,0,,1,0,0,0,1,2,0,0,0,0,0,FALSE,FALSE,FALSE,FALSE,FALSE,FALSE,STAY
Housies1, I can pi k up tmr 😆,0,0,0,0,0,0,0,0,0,0,0,0,,1,0,1,0,0,2,0,0,0,0,0,FALSE,FALSE,FALSE,FALSE,FALSE,FALSE,STAY
Me.H, I engga sherr thankyouu❤️,1,0,0,0,0,0,0,0,0,0,1,1,,0,0,0,0,0,0,0,0,0,0,0,FALSE,FALSE,FALSE,FALSE,FALSE,FALSE,STAY
Housies1, I JG BARU TAU I MAU KE GEREJA,0,0,0,0,0,0,0,0,0,0,0,0,,0,0,0,0,0,0,0,0,0,0,0,TRUE,FALSE,TRUE,FALSE,FALSE,FALSE,STAY
Housies1, I jg change my mind pengen indomie tiba2🤣,0,0,0,0,0,0,0,0,0,0,0,0,,1,0,1,0,0,2,0,0,0,0,0,FALSE,FALSE,FALSE,FALSE,FALSE,FALSE,STAY
Me.H, I never saw this!!,0,0,0,0,0,0,0,0,0,0,0,0,,0,0,0,0,0,0,2,0,0,0,2,FALSE,FALSE,FALSE,FALSE,FALSE,FALSE,STAY
Housies1, I'm gooood thank u jo☺️,0,0,0,0,0,0,0,0,0,0,0,0,,1,0,1,0,0,2,0,0,0,0,0,FALSE,FALSE,FALSE,FALSE,FALSE,FALSE,STAY
Me.H, Im good jesii💜 thank uu,0,0,0,1,0,0,0,0,0,0,1,1,,0,0,0,0,0,0,0,0,0,0,0,FALSE,FALSE,FALSE,FALSE,FALSE,FALSE,STAY
Me.M, Iya ade baik2 kok mamm.. lg lmyn bnyk stress sih hehehe 🥲 makanya blom sempet nelponn,0,0,0,0,0,0,0,0,0,0,0,0,,1,0,0,0,1,2,0,0,0,0,0,FALSE,FALSE,FALSE,FALSE,FALSE,FALSE,STAY
Mom," Iya de, santaai 😃",0,0,0,0,0,0,0,0,0,0,0,0,,1,1,0,0,0,2,0,0,0,0,0,FALSE,FALSE,FALSE,FALSE,FALSE,FALSE,STAY
Housies1, IYA ILUSI😂,0,0,0,0,0,0,0,0,0,0,0,0,,1,0,1,0,0,2,0,0,0,0,0,TRUE,FALSE,TRUE,FALSE,FALSE,FALSE,STAY
Housies1, Iya it's time🤣,0,0,0,0,0,0,0,0,0,0,0,0,,1,0,1,0,0,2,0,0,0,0,0,FALSE,FALSE,FALSE,FALSE,FALSE,FALSE,STAY
Housies1, IYA WOY,0,0,0,0,0,0,0,0,0,0,0,0,,0,0,0,0,0,0,0,0,0,0,0,TRUE,FALSE,TRUE,FALSE,FALSE,FALSE,STAY
Me.M, Iyaa - meski ade belom tau ini ngerjainnya gimana ato hasilnya kyk apa😂,0,0,0,0,0,0,0,0,0,0,0,0,,1,0,0,0,1,2,0,0,0,0,0,FALSE,FALSE,FALSE,FALSE,FALSE,FALSE,STAY
Mom, Iyaa nanti mom ksh pot yg besar 2 😁,0,0,0,0,0,0,0,0,0,0,0,0,,1,1,0,0,0,2,0,0,0,0,0,FALSE,FALSE,FALSE,FALSE,FALSE,FALSE,STAY
Mom, Iyaa puji Tuhan de ❤️ semoga ga balik lg 🙏🏻🙏🏻🙏🏻,1,0,0,0,0,0,0,1,0,0,0,1,,0,0,0,0,0,0,0,0,0,0,0,FALSE,FALSE,FALSE,FALSE,FALSE,FALSE,STAY
Me.M, Iyaah💖 Tuhan baik,0,0,1,0,0,0,0,0,0,0,1,1,,0,0,0,0,0,0,0,0,0,0,0,FALSE,FALSE,FALSE,FALSE,FALSE,FALSE,STAY
Housies1, Kalo delivery kenapa2😂,0,0,0,0,0,0,0,0,0,0,0,0,,1,0,1,0,0,2,0,0,0,0,0,FALSE,FALSE,FALSE,FALSE,FALSE,FALSE,STAY
Me.H, KALO MO HOTPOT JG JGN JD APR,0,0,0,0,0,0,0,0,0,0,0,0,,0,0,0,0,0,0,0,0,0,0,0,TRUE,FALSE,FALSE,FALSE,TRUE,FALSE,STAY
Mom, Kepencet de 😅😅😅,0,0,0,0,0,0,0,0,0,0,0,0,,3,3,0,0,0,6,0,0,0,0,0,FALSE,FALSE,FALSE,FALSE,FALSE,FALSE,STAY
Mom, Kereeeen ❤️😍,1,1,0,0,0,0,0,2,0,0,0,2,,0,0,0,0,0,0,0,0,0,0,0,FALSE,FALSE,FALSE,FALSE,FALSE,FALSE,STAY
Housies1, Kok kyot disini😂,0,0,0,0,0,0,0,0,0,0,0,0,,1,0,1,0,0,2,0,0,0,0,0,FALSE,FALSE,FALSE,FALSE,FALSE,FALSE,STAY
Mom," Krn ep tau rumahnya de, dl khan dia sempet tinggal disana. Kalo adik2nya ga tau 🥺",0,0,0,0,0,0,0,0,0,0,0,0,,1,1,0,0,0,2,0,0,0,0,0,FALSE,FALSE,FALSE,FALSE,FALSE,FALSE,STAY
Me.M, Makin lama psti makin full itu😂,0,0,0,0,0,0,0,0,0,0,0,0,,1,0,0,0,1,2,0,0,0,0,0,FALSE,FALSE,FALSE,FALSE,FALSE,FALSE,STAY
Me.M, Masuk akal jgaa😂,0,0,0,0,0,0,0,0,0,0,0,0,,1,0,0,0,1,2,0,0,0,0,0,FALSE,FALSE,FALSE,FALSE,FALSE,FALSE,STAY
Me.M, Mau telp kah mamm hr ini? 💕,0,0,0,0,1,0,0,0,0,0,1,1,,0,0,0,0,0,0,0,0,0,0,0,FALSE,FALSE,FALSE,FALSE,FALSE,FALSE,STAY
Me.H, may i get Garden Goodness plss😊,0,0,0,0,0,0,0,0,0,0,0,0,,1,0,0,0,1,2,0,0,0,0,0,FALSE,FALSE,FALSE,FALSE,FALSE,FALSE,STAY
Housies1, Me too!!! Is like dia pet himself 🤣,0,0,0,0,0,0,0,0,0,0,0,0,,1,0,1,0,0,2,3,0,3,0,0,FALSE,FALSE,FALSE,FALSE,FALSE,FALSE,STAY
Housies2, Me🙋🏻‍♀️,0,0,0,0,0,0,0,0,0,0,0,0,,1,0,1,0,0,2,0,0,0,0,0,FALSE,FALSE,FALSE,FALSE,FALSE,FALSE,STAY
Housies1, MINUTES,0,0,0,0,0,0,0,0,0,0,0,0,,0,0,0,0,0,0,0,0,0,0,0,TRUE,FALSE,TRUE,FALSE,FALSE,FALSE,STAY
Mom, ‎Missed voice call,0,0,0,0,0,0,0,0,0,0,0,0,,0,0,0,0,0,0,0,0,0,0,0,FALSE,FALSE,FALSE,FALSE,FALSE,TRUE,STAY
Mom, Mom jg 😭,0,0,0,0,0,0,0,0,0,0,0,0,,1,1,0,0,0,2,0,0,0,0,0,FALSE,FALSE,FALSE,FALSE,FALSE,FALSE,STAY
Mom, Mom jg ga tau de 😔,0,0,0,0,0,0,0,0,0,0,0,0,,1,1,0,0,0,2,0,0,0,0,0,FALSE,FALSE,FALSE,FALSE,FALSE,FALSE,STAY
Mom," Mom putusin dl aja ya, besok mom cerita",0,0,0,0,0,0,0,0,0,0,0,0,,1,1,0,0,0,2,0,0,0,0,0,FALSE,FALSE,FALSE,FALSE,FALSE,FALSE,STAY
Me.H, Morning! Anyone up for coffee? 💛,0,0,0,1,0,0,0,0,0,0,1,1,,0,0,0,0,0,0,1,0,0,0,1,FALSE,FALSE,FALSE,FALSE,FALSE,FALSE,STAY
Housies1, Morning!!!,0,0,0,0,0,0,0,0,0,0,0,0,,0,0,0,0,0,0,3,0,3,0,0,FALSE,FALSE,FALSE,FALSE,FALSE,FALSE,STAY
Me.H, NGEDRILL NYA HRS BANGET YAA JAM 10 MALEM,0,0,0,0,0,0,0,0,0,0,0,0,,0,0,0,0,0,0,0,0,0,0,0,TRUE,FALSE,FALSE,FALSE,TRUE,FALSE,STAY
Housies1, Nopeee anything 😂,0,0,0,0,0,0,0,0,0,0,0,0,,1,0,1,0,0,2,0,0,0,0,0,FALSE,FALSE,FALSE,FALSE,FALSE,FALSE,STAY
Me.M, Ntar ade halo2 yaa❤️,1,0,0,0,0,0,0,0,0,0,1,1,,0,0,0,0,0,0,0,0,0,0,0,FALSE,FALSE,FALSE,FALSE,FALSE,FALSE,STAY
Me.H, Oh iyaa can! Thankyouu🧡,0,0,0,1,0,0,0,0,0,0,1,1,,0,0,0,0,0,0,1,0,0,0,1,FALSE,FALSE,FALSE,FALSE,FALSE,FALSE,STAY
Housies1, Ohh okeyyy❤️,1,0,0,0,0,0,0,0,1,0,0,1,,0,0,0,0,0,0,0,0,0,0,0,FALSE,FALSE,FALSE,FALSE,FALSE,FALSE,STAY
Housies1, OHNO,0,0,0,0,0,0,0,0,0,0,0,0,,0,0,0,0,0,0,0,0,0,0,0,TRUE,FALSE,TRUE,FALSE,FALSE,FALSE,STAY
Me.H, Okaay!,0,0,0,0,0,0,0,0,0,0,0,0,,0,0,0,0,0,0,1,0,0,0,1,FALSE,FALSE,FALSE,FALSE,FALSE,FALSE,STAY
Me.M, Okayy sounds good mami❤️,1,0,0,0,0,0,0,0,0,0,1,1,,0,0,0,0,0,0,0,0,0,0,0,FALSE,FALSE,FALSE,FALSE,FALSE,FALSE,STAY
Me.H, Okayy! Kita liat yg msh ada apa yaa,0,0,0,0,0,0,0,0,0,0,0,0,,0,0,0,0,0,0,1,0,0,0,1,FALSE,FALSE,FALSE,FALSE,FALSE,FALSE,STAY
Housies2, Okayy😊,0,0,0,0,0,0,0,0,0,0,0,0,,1,0,1,0,0,2,0,0,0,0,0,FALSE,FALSE,FALSE,FALSE,FALSE,FALSE,STAY
Housies1, Okeyy besok pagi I analisa pake senter🤣Hahhahahaha,0,0,0,0,0,0,0,0,0,0,0,0,,1,0,1,0,0,2,0,0,0,0,0,FALSE,FALSE,FALSE,FALSE,FALSE,FALSE,STAY
Housies1, OMGOSH YUMMMMMM,0,0,0,0,0,0,0,0,0,0,0,0,,0,0,0,0,0,0,0,0,0,0,0,TRUE,FALSE,TRUE,FALSE,FALSE,FALSE,STAY
Housies1, One of these whichever looks nicer 😆,0,0,0,0,0,0,0,0,0,0,0,0,,1,0,1,0,0,2,0,0,0,0,0,FALSE,FALSE,FALSE,FALSE,FALSE,FALSE,STAY
Mom," Ooh iya.. siip, bsk berkabar yaa 😃",0,0,0,0,0,0,0,0,0,0,0,0,,1,1,0,0,0,2,0,0,0,0,0,FALSE,FALSE,FALSE,FALSE,FALSE,FALSE,STAY
Mom, Ooh siiip 😃,0,0,0,0,0,0,0,0,0,0,0,0,,1,1,0,0,0,2,0,0,0,0,0,FALSE,FALSE,FALSE,FALSE,FALSE,FALSE,STAY
Mom, Oooh 😃 ya visit kelly nkali ya de,0,0,0,0,0,0,0,0,0,0,0,0,,1,1,0,0,0,2,0,0,0,0,0,FALSE,FALSE,FALSE,FALSE,FALSE,FALSE,STAY
Me.M, Ooohh😂 haha ade kaget,0,0,0,0,0,0,0,0,0,0,0,0,,1,0,0,0,1,2,0,0,0,0,0,FALSE,FALSE,FALSE,FALSE,FALSE,FALSE,STAY
Mom, Pas mau make up.. maleeeesnyaaa 🙄,0,0,0,0,0,0,0,0,0,0,0,0,,1,1,0,0,0,2,0,0,0,0,0,FALSE,FALSE,FALSE,FALSE,FALSE,FALSE,STAY
Me.M, pelaaaan pelan🤣,0,0,0,0,0,0,0,0,0,0,0,0,,1,0,0,0,1,2,0,0,0,0,0,FALSE,FALSE,FALSE,FALSE,FALSE,FALSE,STAY
Housies1, Penasaran how woolies toorak look like wkkw🤣,0,0,0,0,0,0,0,0,0,0,0,0,,1,0,1,0,0,2,0,0,0,0,0,FALSE,FALSE,FALSE,FALSE,FALSE,FALSE,STAY
Me.M, permasakan hari inii🥰,0,0,0,0,0,0,1,0,0,0,1,1,,0,0,0,0,0,0,0,0,0,0,0,FALSE,FALSE,FALSE,FALSE,FALSE,FALSE,STAY
Mom," Puji Tuhan 🙏🏻 tp emang bagus kok project itu, mom sukaa 😍",0,1,0,0,0,0,0,1,0,0,0,1,,0,0,0,0,0,0,0,0,0,0,0,FALSE,FALSE,FALSE,FALSE,FALSE,FALSE,STAY
Mom, Puji Tuhan mom baik² de 🤗,0,0,0,0,0,0,0,0,0,0,0,0,,1,1,0,0,0,2,0,0,0,0,0,FALSE,FALSE,FALSE,FALSE,FALSE,FALSE,STAY
Housies1, R u guys ok with this rice?😁,0,0,0,0,0,0,0,0,0,0,0,0,,1,0,1,0,0,2,0,0,0,0,0,FALSE,FALSE,FALSE,FALSE,FALSE,FALSE,STAY
Mom, Salam buat Sharen de 🤗,0,0,0,0,0,0,0,0,0,0,0,0,,1,1,0,0,0,2,0,0,0,0,0,FALSE,FALSE,FALSE,FALSE,FALSE,FALSE,STAY
Me.M, Salam tantee ktnya😂,0,0,0,0,0,0,0,0,0,0,0,0,,1,0,0,0,1,2,0,0,0,0,0,FALSE,FALSE,FALSE,FALSE,FALSE,FALSE,STAY
Me.M, Sama2 bertamasya 🤪,0,0,0,0,0,0,0,0,0,0,0,0,,1,0,0,0,1,2,0,0,0,0,0,FALSE,FALSE,FALSE,FALSE,FALSE,FALSE,STAY
Housies1, Sbb 😂,0,0,0,0,0,0,0,0,0,0,0,0,,1,0,1,0,0,2,0,0,0,0,0,FALSE,FALSE,FALSE,FALSE,FALSE,FALSE,STAY
Mom," Sedih bgt ya, kasian ep 😭 nathan jg cerita sambil bramba",0,0,0,0,0,0,0,0,0,0,0,0,,1,1,0,0,0,2,0,0,0,0,0,FALSE,FALSE,FALSE,FALSE,FALSE,FALSE,STAY
Mom, Sek bsk mom tanya kaka ya yg anak2nya br vaksin 😂,0,0,0,0,0,0,0,0,0,0,0,0,,1,1,0,0,0,2,0,0,0,0,0,FALSE,FALSE,FALSE,FALSE,FALSE,FALSE,STAY
Me.M, Semoga lancar aja ya tp mamm❤️ hehhee,1,0,0,0,0,0,0,0,0,0,1,1,,0,0,0,0,0,0,0,0,0,0,0,FALSE,FALSE,FALSE,FALSE,FALSE,FALSE,STAY
Housies1, Semua diskon 40 ya🧡,0,0,0,1,0,0,0,0,1,0,0,1,,0,0,0,0,0,0,0,0,0,0,0,FALSE,FALSE,FALSE,FALSE,FALSE,FALSE,STAY
Mom," Seneng yaaa 😍 ketemu komunitas baru, saling bagi ilmu, trs jg motivasi buat kita gt liat skill & talent org2 😃",0,1,0,0,0,0,0,1,0,0,0,1,,1,1,0,0,0,2,0,0,0,0,0,FALSE,FALSE,FALSE,FALSE,FALSE,FALSE,STAY
Housies2, She also just new a few hours ago dia ke greja😂😂,0,0,0,0,0,0,0,0,0,0,0,0,,2,0,2,0,0,4,0,0,0,0,0,FALSE,FALSE,FALSE,FALSE,FALSE,FALSE,STAY
Housies1, SHOKYOT THE PLACE BTW,0,0,0,0,0,0,0,0,0,0,0,0,,0,0,0,0,0,0,0,0,0,0,0,TRUE,FALSE,TRUE,FALSE,FALSE,FALSE,STAY
Mom, Siiip 🤗,0,0,0,0,0,0,0,0,0,0,0,0,,1,1,0,0,0,2,0,0,0,0,0,FALSE,FALSE,FALSE,FALSE,FALSE,FALSE,STAY
Mom, Siiip ah 😍,0,1,0,0,0,0,0,1,0,0,0,1,,0,0,0,0,0,0,0,0,0,0,0,FALSE,FALSE,FALSE,FALSE,FALSE,FALSE,STAY
Me.H, Sippoooo😉,0,0,0,0,0,0,0,0,0,0,0,0,,1,0,0,0,1,2,0,0,0,0,0,FALSE,FALSE,FALSE,FALSE,FALSE,FALSE,STAY
Housies1, So I'll trf 15😆,0,0,0,0,0,0,0,0,0,0,0,0,,1,0,1,0,0,2,0,0,0,0,0,FALSE,FALSE,FALSE,FALSE,FALSE,FALSE,STAY
Housies2, Soalnya jujur males ngangkat😂,0,0,0,0,0,0,0,0,0,0,0,0,,1,0,1,0,0,2,0,0,0,0,0,FALSE,FALSE,FALSE,FALSE,FALSE,FALSE,STAY
Housies1, Sorry pollo🥺,0,0,0,0,0,0,0,0,0,0,0,0,,1,0,1,0,0,2,0,0,0,0,0,FALSE,FALSE,FALSE,FALSE,FALSE,FALSE,STAY
Me.M, Sorry ya ade blm bisa hr ini mam td abis meeting maleman jg 🥺,0,0,0,0,0,0,0,0,0,0,0,0,,1,0,0,0,1,2,0,0,0,0,0,FALSE,FALSE,FALSE,FALSE,FALSE,FALSE,STAY
Mom, Sudah de 😁,0,0,0,0,0,0,0,0,0,0,0,0,,1,1,0,0,0,2,0,0,0,0,0,FALSE,FALSE,FALSE,FALSE,FALSE,FALSE,STAY
Me.H, THANK U JESHIII❤️ omg uda pada makan yah,1,0,0,0,0,0,0,0,0,0,1,1,,0,0,0,0,0,0,0,0,0,0,0,FALSE,FALSE,FALSE,FALSE,FALSE,FALSE,STAY
Me.H, thank uu💕,0,0,0,0,1,0,0,0,0,0,1,1,,0,0,0,0,0,0,0,0,0,0,0,FALSE,FALSE,FALSE,FALSE,FALSE,FALSE,STAY
Me.H, thats mor like it😂,0,0,0,0,0,0,0,0,0,0,0,0,,1,0,0,0,1,2,0,0,0,0,0,FALSE,FALSE,FALSE,FALSE,FALSE,FALSE,STAY
Housies1, This is 20 dollar ya so 6 dollar pp ☺️ thankschu,0,0,0,0,0,0,0,0,0,0,0,0,,1,0,1,0,0,2,0,0,0,0,0,FALSE,FALSE,FALSE,FALSE,FALSE,FALSE,STAY
Me.H, This is sooo cute😂 ilusi,0,0,0,0,0,0,0,0,0,0,0,0,,1,0,0,0,1,2,0,0,0,0,0,FALSE,FALSE,FALSE,FALSE,FALSE,FALSE,STAY
Housies1, This weekend?😂,0,0,0,0,0,0,0,0,0,0,0,0,,1,0,1,0,0,2,0,0,0,0,0,FALSE,FALSE,FALSE,FALSE,FALSE,FALSE,STAY
Housies1, Tp is white tho🥲,0,0,0,0,0,0,0,0,0,0,0,0,,1,0,1,0,0,2,0,0,0,0,0,FALSE,FALSE,FALSE,FALSE,FALSE,FALSE,STAY
Housies1, Tp kalo pagi jg gabisa sih🥲😂,0,0,0,0,0,0,0,0,0,0,0,0,,2,0,2,0,0,4,0,0,0,0,0,FALSE,FALSE,FALSE,FALSE,FALSE,FALSE,STAY
Housies1, U*,0,0,0,0,0,0,0,0,0,0,0,0,,0,0,0,0,0,0,0,0,0,0,0,TRUE,FALSE,TRUE,FALSE,FALSE,FALSE,STAY
Housies1, Uki😂,0,0,0,0,0,0,0,0,0,0,0,0,,1,0,1,0,0,2,0,0,0,0,0,FALSE,FALSE,FALSE,FALSE,FALSE,FALSE,STAY
Housies1, UKIII,0,0,0,0,0,0,0,0,0,0,0,0,,0,0,0,0,0,0,0,0,0,0,0,TRUE,FALSE,TRUE,FALSE,FALSE,FALSE,STAY
Housies1, Ukiiii I trfff😆thanku jooo,0,0,0,0,0,0,0,0,0,0,0,0,,1,0,1,0,0,2,0,0,0,0,0,FALSE,FALSE,FALSE,FALSE,FALSE,FALSE,STAY
Housies1, Unless if your grocery ga nyampe minimum nya yauda can sekalian 😂,0,0,0,0,0,0,0,0,0,0,0,0,,1,0,1,0,0,2,0,0,0,0,0,FALSE,FALSE,FALSE,FALSE,FALSE,FALSE,STAY
Housies1, Until Sunday 😆,0,0,0,0,0,0,0,0,0,0,0,0,,1,0,1,0,0,2,0,0,0,0,0,FALSE,FALSE,FALSE,FALSE,FALSE,FALSE,STAY
Housies2, Uuuu okk😍,0,1,0,0,0,0,0,0,1,0,0,1,,0,0,0,0,0,0,0,0,0,0,0,FALSE,FALSE,FALSE,FALSE,FALSE,FALSE,STAY
Housies1, UUUUUU inchesting,0,0,0,0,0,0,0,0,0,0,0,0,,0,0,0,0,0,0,0,0,0,0,0,TRUE,FALSE,TRUE,FALSE,FALSE,FALSE,STAY
Me.M, Waaah cakep mamm😍😍,0,2,0,0,0,0,0,0,0,0,2,2,,0,0,0,0,0,0,0,0,0,0,0,FALSE,FALSE,FALSE,FALSE,FALSE,FALSE,STAY
Mom, Waaah enaaak 😍😋,0,1,0,0,0,0,0,1,0,0,0,1,,0,0,0,0,0,0,0,0,0,0,0,FALSE,FALSE,FALSE,FALSE,FALSE,FALSE,STAY
Housies1, We can do weekend?😁 plus movie day/night wkwk,0,0,0,0,0,0,0,0,0,0,0,0,,1,0,1,0,0,2,0,0,0,0,0,FALSE,FALSE,FALSE,FALSE,FALSE,FALSE,STAY
Housies2, Will be a workout tho 10kg😂,0,0,0,0,0,0,0,0,0,0,0,0,,1,0,1,0,0,2,0,0,0,0,0,FALSE,FALSE,FALSE,FALSE,FALSE,FALSE,STAY
Me.H, WKWKW,0,0,0,0,0,0,0,0,0,0,0,0,,0,0,0,0,0,0,0,0,0,0,0,TRUE,FALSE,FALSE,FALSE,TRUE,FALSE,STAY
Me.H, WKWKWK GPP SAY JANGAN😂 wkt pulang ajaah,0,0,0,0,0,0,0,0,0,0,0,0,,1,0,0,0,1,2,0,0,0,0,0,FALSE,FALSE,FALSE,FALSE,FALSE,FALSE,STAY
Me.H, WKWKWKW,0,0,0,0,0,0,0,0,0,0,0,0,,0,0,0,0,0,0,0,0,0,0,0,TRUE,FALSE,FALSE,FALSE,TRUE,FALSE,STAY
Mom, Woooww 🤩 congrats ade 😍😍😍,0,3,0,0,0,0,0,3,0,0,0,3,,0,0,0,0,0,0,0,0,0,0,0,FALSE,FALSE,FALSE,FALSE,FALSE,FALSE,STAY
Mom, Yaaayyy 🤩💃🏻🥳,0,0,0,0,0,0,0,0,0,0,0,0,,1,1,0,0,0,2,0,0,0,0,0,FALSE,FALSE,FALSE,FALSE,FALSE,FALSE,STAY
Mom," Yaay 😍 lancar yaa.. usahakan tdr ckp seblm vaksin, biar daya tahan tubuh baik 👍🏻",0,1,0,0,0,0,0,1,0,0,0,1,,1,1,0,0,0,2,0,0,0,0,0,FALSE,FALSE,FALSE,FALSE,FALSE,FALSE,STAY
Housies1, Yesh🤣,0,0,0,0,0,0,0,0,0,0,0,0,,1,0,1,0,0,2,0,0,0,0,0,FALSE,FALSE,FALSE,FALSE,FALSE,FALSE,STAY
Housies1, YESHHH HIHIHI,0,0,0,0,0,0,0,0,0,0,0,0,,0,0,0,0,0,0,0,0,0,0,0,TRUE,FALSE,TRUE,FALSE,FALSE,FALSE,STAY
Housies1, Yeshhh!,0,0,0,0,0,0,0,0,0,0,0,0,,0,0,0,0,0,0,1,0,1,0,0,FALSE,FALSE,FALSE,FALSE,FALSE,FALSE,STAY
Housies2, Yess first day of spring🌼,0,0,0,0,0,0,0,0,0,0,0,0,,1,0,1,0,0,2,0,0,0,0,0,FALSE,FALSE,FALSE,FALSE,FALSE,FALSE,STAY
Besties3,❤,1,0,0,0,0,0,0,0,0,1,0,1,,0,0,0,0,0,0,0,0,0,0,0,TRUE,FALSE,FALSE,FALSE,TRUE,FALSE,STAY
Me.B,❤,1,0,0,0,0,0,0,0,0,0,1,1,,0,0,0,0,0,0,0,0,0,0,0,TRUE,FALSE,FALSE,FALSE,FALSE,FALSE,STAY
Besties2,❤,1,0,0,0,0,0,0,0,0,1,0,1,,0,0,0,0,0,0,0,0,0,0,0,TRUE,FALSE,FALSE,TRUE,FALSE,FALSE,STAY
Besties3,❤,1,0,0,0,0,0,0,0,0,1,0,1,,0,0,0,0,0,0,0,0,0,0,0,TRUE,FALSE,FALSE,FALSE,FALSE,FALSE,STAY
Besties1,❤,1,0,0,0,0,0,0,0,0,1,0,1,,0,0,0,0,0,0,0,0,0,0,0,TRUE,FALSE,FALSE,TRUE,FALSE,FALSE,STAY
Besties1,❤,1,0,0,0,0,0,0,0,0,1,0,1,,0,0,0,0,0,0,0,0,0,0,0,TRUE,FALSE,FALSE,TRUE,FALSE,FALSE,STAY
Besties3,❤,1,0,0,0,0,0,0,0,0,1,0,1,,0,0,0,0,0,0,0,0,0,0,0,TRUE,FALSE,FALSE,FALSE,FALSE,FALSE,STAY
Besties2,❤,1,0,0,0,0,0,0,0,0,1,0,1,,0,0,0,0,0,0,0,0,0,0,0,TRUE,FALSE,FALSE,TRUE,TRUE,FALSE,STAY
Me.B,❤,1,0,0,0,0,0,0,0,0,0,1,1,,0,0,0,0,0,0,0,0,0,0,0,TRUE,FALSE,FALSE,FALSE,FALSE,FALSE,STAY
Besties2,❤,1,0,0,0,0,0,0,0,0,1,0,1,,0,0,0,0,0,0,0,0,0,0,0,TRUE,FALSE,FALSE,TRUE,FALSE,FALSE,STAY
Besties3,❤,1,0,0,0,0,0,0,0,0,1,0,1,,0,0,0,0,0,0,0,0,0,0,0,TRUE,FALSE,FALSE,FALSE,TRUE,FALSE,STAY
Me.B,❤,1,0,0,0,0,0,0,0,0,0,1,1,,0,0,0,0,0,0,0,0,0,0,0,TRUE,FALSE,FALSE,TRUE,FALSE,FALSE,STAY
Besties3,❤,1,0,0,0,0,0,0,0,0,1,0,1,,0,0,0,0,0,0,0,0,0,0,0,TRUE,FALSE,FALSE,FALSE,FALSE,FALSE,STAY
Besties2,❤,1,0,0,0,0,0,0,0,0,1,0,1,,0,0,0,0,0,0,0,0,0,0,0,TRUE,FALSE,FALSE,TRUE,FALSE,FALSE,STAY
Besties3,❤,1,0,0,0,0,0,0,0,0,1,0,1,,0,0,0,0,0,0,0,0,0,0,0,TRUE,FALSE,FALSE,FALSE,FALSE,FALSE,STAY
Besties1,❤,1,0,0,0,0,0,0,0,0,1,0,1,,0,0,0,0,0,0,0,0,0,0,0,TRUE,FALSE,FALSE,TRUE,FALSE,FALSE,STAY
Besties2,❤,1,0,0,0,0,0,0,0,0,1,0,1,,0,0,0,0,0,0,0,0,0,0,0,TRUE,FALSE,FALSE,TRUE,FALSE,FALSE,STAY
Besties2,❤,1,0,0,0,0,0,0,0,0,1,0,1,,0,0,0,0,0,0,0,0,0,0,0,TRUE,FALSE,FALSE,TRUE,FALSE,FALSE,STAY
Besties3,👀,0,0,0,0,0,0,0,0,0,0,0,0,,1,0,0,1,0,2,0,0,0,0,0,TRUE,FALSE,FALSE,FALSE,FALSE,FALSE,STAY
Besties2,👀👀👀,0,0,0,0,0,0,0,0,0,0,0,0,,3,0,0,3,0,6,0,0,0,0,0,TRUE,FALSE,FALSE,TRUE,FALSE,FALSE,STAY
Besties1,👍,0,0,0,0,0,0,0,0,0,0,0,0,,1,0,0,1,0,2,0,0,0,0,0,TRUE,FALSE,FALSE,TRUE,FALSE,FALSE,STAY
Besties3,👍,0,0,0,0,0,0,0,0,0,0,0,0,,1,0,0,1,0,2,0,0,0,0,0,TRUE,FALSE,FALSE,FALSE,TRUE,FALSE,STAY
Me.B,🥳🥳🥳,0,0,0,0,0,0,0,0,0,0,0,0,,3,0,0,0,3,6,0,0,0,0,0,TRUE,FALSE,FALSE,FALSE,FALSE,FALSE,STAY
Besties1,🥺,0,0,0,0,0,0,0,0,0,0,0,0,,1,0,0,1,0,2,0,0,0,0,0,TRUE,FALSE,FALSE,TRUE,FALSE,FALSE,STAY
Besties2,🦦,0,0,0,0,0,0,0,0,0,0,0,0,,0,0,0,0,0,0,0,0,0,0,0,TRUE,FALSE,FALSE,TRUE,TRUE,FALSE,STAY
Me.B,🧐,0,0,0,0,0,0,0,0,0,0,0,0,,0,0,0,0,0,0,0,0,0,0,0,TRUE,FALSE,FALSE,FALSE,FALSE,FALSE,STAY
Besties1,😆,0,0,0,0,0,0,0,0,0,0,0,0,,1,0,0,1,0,2,0,0,0,0,0,TRUE,FALSE,FALSE,TRUE,TRUE,FALSE,STAY
Me.B,😆,0,0,0,0,0,0,0,0,0,0,0,0,,1,0,0,0,1,2,0,0,0,0,0,TRUE,FALSE,FALSE,FALSE,FALSE,FALSE,STAY
Besties1,😆,0,0,0,0,0,0,0,0,0,0,0,0,,1,0,0,1,0,2,0,0,0,0,0,TRUE,FALSE,FALSE,TRUE,FALSE,FALSE,STAY
Besties1,😮,0,0,0,0,0,0,0,0,0,0,0,0,,1,0,0,1,0,2,0,0,0,0,0,TRUE,FALSE,FALSE,TRUE,FALSE,FALSE,STAY
Besties1,😮,0,0,0,0,0,0,0,0,0,0,0,0,,1,0,0,1,0,2,0,0,0,0,0,TRUE,FALSE,FALSE,TRUE,FALSE,FALSE,STAY
Besties1,😮,0,0,0,0,0,0,0,0,0,0,0,0,,1,0,0,1,0,2,0,0,0,0,0,TRUE,FALSE,FALSE,TRUE,FALSE,FALSE,STAY
Besties1,😮,0,0,0,0,0,0,0,0,0,0,0,0,,1,0,0,1,0,2,0,0,0,0,0,TRUE,FALSE,FALSE,TRUE,FALSE,FALSE,STAY
Besties1,🙏,0,0,0,0,0,0,0,0,0,0,0,0,,1,0,0,1,0,2,0,0,0,0,0,TRUE,FALSE,FALSE,TRUE,FALSE,FALSE,STAY
Besties2,7 works just fine for me! But whenever is okay as long as it works for everyone,0,0,0,0,0,0,0,0,0,0,0,0,,0,0,0,0,0,0,1,0,0,1,0,FALSE,FALSE,FALSE,FALSE,FALSE,FALSE,STAY
Me.B,And dont mind any movie!,0,0,0,0,0,0,0,0,0,0,0,0,,0,0,0,0,0,0,1,0,0,0,1,FALSE,FALSE,FALSE,FALSE,FALSE,FALSE,STAY
Me.B,AW,0,0,0,0,0,0,0,0,0,0,0,0,,0,0,0,0,0,0,0,0,0,0,0,TRUE,FALSE,FALSE,FALSE,FALSE,FALSE,STAY
Besties2,Channeling that Peabody energy with the puns I see 👀,0,0,0,0,0,0,0,0,0,0,0,0,,1,0,0,1,0,2,0,0,0,0,0,FALSE,FALSE,FALSE,FALSE,FALSE,FALSE,STAY
Besties2,Down! Is it okay if we start a little later?,0,0,0,0,0,0,0,0,0,0,0,0,,0,0,0,0,0,0,1,0,0,1,0,FALSE,FALSE,FALSE,FALSE,FALSE,FALSE,STAY
Besties2,Excuse you… it’s PERFECT,0,0,0,0,0,0,0,0,0,0,0,0,,0,0,0,0,0,0,0,0,0,0,0,TRUE,FALSE,FALSE,TRUE,FALSE,FALSE,STAY
Besties3,Fantastic fox lesdoit!,0,0,0,0,0,0,0,0,0,0,0,0,,0,0,0,0,0,0,1,0,0,1,0,FALSE,FALSE,FALSE,FALSE,FALSE,FALSE,STAY
Besties3,for those who wanna join first!,0,0,0,0,0,0,0,0,0,0,0,0,,0,0,0,0,0,0,1,0,0,1,0,FALSE,FALSE,FALSE,FALSE,FALSE,FALSE,STAY
Besties2,Gotta do some stuff after work!,0,0,0,0,0,0,0,0,0,0,0,0,,0,0,0,0,0,0,1,0,0,1,0,FALSE,FALSE,FALSE,FALSE,FALSE,FALSE,STAY
Besties2,"Hahaha alrightyy, I’ll see you guys soon!",0,0,0,0,0,0,0,0,0,0,0,0,,0,0,0,0,0,0,1,0,0,1,0,FALSE,FALSE,FALSE,FALSE,FALSE,FALSE,STAY
Besties3,HECK YEEEE,0,0,0,0,0,0,0,0,0,0,0,0,,0,0,0,0,0,0,0,0,0,0,0,TRUE,FALSE,FALSE,TRUE,FALSE,FALSE,STAY
Besties3,Hello! We still good for tomorrow? I don’t remember if we decided what to watch 😂,0,0,0,0,0,0,0,0,0,0,0,0,,1,0,0,1,0,2,1,0,0,1,0,FALSE,FALSE,FALSE,FALSE,FALSE,FALSE,STAY
Besties2,Hey ya’ll! I’m going to be 10 - 15 mins late. Just going to shower and cook some dinner\n\nFeel free to hop on a call or start the movie. I’ll catch up!,0,0,0,0,0,0,0,0,0,0,0,0,,0,0,0,0,0,0,2,0,0,2,0,FALSE,FALSE,FALSE,FALSE,FALSE,FALSE,STAY
Besties3,https://us02web.zoom.us/j/83326668978?pwd=bGprZjFnOGQxb3NVdHV2OWFyUFZyZz09,0,0,0,0,0,0,0,0,0,0,0,0,,0,0,0,0,0,0,0,0,0,0,0,FALSE,FALSE,FALSE,FALSE,FALSE,TRUE,STAY
Besties3,https://us02web.zoom.us/j/88242856587?pwd=QzdYT1ZKem1lS2RMNmZoZUZjR0x0QT09,0,0,0,0,0,0,0,0,0,0,0,0,,0,0,0,0,0,0,0,0,0,0,0,FALSE,FALSE,FALSE,FALSE,FALSE,TRUE,STAY
Besties1,https://us04web.zoom.us/j/76038542994?pwd=dE1vbUZEbUVsVU1SWEs5QktNYTF3dz09,0,0,0,0,0,0,0,0,0,0,0,0,,0,0,0,0,0,0,0,0,0,0,0,FALSE,FALSE,FALSE,FALSE,FALSE,TRUE,STAY
Besties2,https://zoom.us/j/3538151292?pwd=NlYxeDlxSGVUUHVVN0wrSmx3U0NsUT09,0,0,0,0,0,0,0,0,0,0,0,0,,0,0,0,0,0,0,0,0,0,0,0,FALSE,FALSE,FALSE,FALSE,FALSE,TRUE,STAY
Besties2,https://zoom.us/j/3538151292?pwd=NlYxeDlxSGVUUHVVN0wrSmx3U0NsUT09,0,0,0,0,0,0,0,0,0,0,0,0,,0,0,0,0,0,0,0,0,0,0,0,FALSE,FALSE,FALSE,FALSE,FALSE,TRUE,STAY
Me.B,im gettin my toastie🧡🧡,0,0,0,2,0,0,0,0,0,0,2,2,,0,0,0,0,0,0,0,0,0,0,0,FALSE,FALSE,FALSE,FALSE,FALSE,FALSE,STAY
Besties2,It’s a plan!,0,0,0,0,0,0,0,0,0,0,0,0,,0,0,0,0,0,0,1,0,0,1,0,FALSE,FALSE,FALSE,FALSE,FALSE,FALSE,STAY
Besties3,Its beak is so janky I LOVE IT,0,0,0,0,0,0,0,0,0,0,0,0,,0,0,0,0,0,0,0,0,0,0,0,TRUE,FALSE,FALSE,TRUE,FALSE,FALSE,STAY
Besties3,ITS BEAUTIFUL,0,0,0,0,0,0,0,0,0,0,0,0,,0,0,0,0,0,0,0,0,0,0,0,TRUE,FALSE,FALSE,FALSE,FALSE,FALSE,STAY
Besties1,jellllly!,0,0,0,0,0,0,0,0,0,0,0,0,,0,0,0,0,0,0,1,0,0,1,0,FALSE,FALSE,FALSE,FALSE,FALSE,FALSE,STAY
Besties3,Join Zoom Meeting\nhttps://us02web.zoom.us/j/84409479292?pwd=czB6eitXUjZaK1M4UFJjc1JJMGRwZz09\n\nMeeting ID: 844 0947 9292\nPasscode: f0nhDr,0,0,0,0,0,0,0,0,0,0,0,0,,0,0,0,0,0,0,0,0,0,0,0,FALSE,FALSE,FALSE,FALSE,FALSE,TRUE,STAY
Besties3,Join Zoom Meeting\nhttps://us02web.zoom.us/j/84587296794?pwd=aE1SOWJGNU9RWnQ4bUMwTXZwMzV5UT09\n\nMeeting ID: 845 8729 6794\nPasscode: 9QpEB4\n\n\nhttps://redirect.teleparty.com/join/1e045f2ff3c97609,0,0,0,0,0,0,0,0,0,0,0,0,,0,0,0,0,0,0,0,0,0,0,0,FALSE,FALSE,FALSE,FALSE,FALSE,TRUE,STAY
Me.B,Les do it!! Same me too :’),0,0,0,0,0,0,0,0,0,0,0,0,,0,0,0,0,0,0,2,0,0,0,2,FALSE,FALSE,FALSE,FALSE,FALSE,FALSE,STAY
Besties3,No kimchi toastie BUT SAMMICH WAS BOMB,0,0,0,0,0,0,0,0,0,0,0,0,,0,0,0,0,0,0,0,0,0,0,0,TRUE,FALSE,FALSE,TRUE,FALSE,FALSE,STAY
Besties3,OMG,0,0,0,0,0,0,0,0,0,0,0,0,,0,0,0,0,0,0,0,0,0,0,0,TRUE,FALSE,FALSE,FALSE,FALSE,FALSE,STAY
Besties2,"Same here! But since we brought up some claymation options.. maybe we’ll go for that\n\nPlus, I think Fantastic Mr Fox is on netflix",0,0,0,0,0,0,0,0,0,0,0,0,,0,0,0,0,0,0,1,0,0,1,0,FALSE,FALSE,FALSE,FALSE,FALSE,FALSE,STAY
Besties3,Should reach in 3 week estimation!,0,0,0,0,0,0,0,0,0,0,0,0,,0,0,0,0,0,0,1,0,0,1,0,FALSE,FALSE,FALSE,FALSE,FALSE,FALSE,STAY
Besties3,SO CLOSE YET SO FAR ENJOY,0,0,0,0,0,0,0,0,0,0,0,0,,0,0,0,0,0,0,0,0,0,0,0,TRUE,FALSE,FALSE,FALSE,TRUE,FALSE,STAY
Me.B,"so sorry, pls go & watch first if we are watching something!!",0,0,0,0,0,0,0,0,0,0,0,0,,0,0,0,0,0,0,2,0,0,0,2,FALSE,FALSE,FALSE,FALSE,FALSE,FALSE,STAY
Besties3,SORRY,0,0,0,0,0,0,0,0,0,0,0,0,,0,0,0,0,0,0,0,0,0,0,0,TRUE,FALSE,FALSE,FALSE,FALSE,FALSE,STAY
Besties2,to be continued.. YOUNG PEOPLE UNITE,0,0,0,0,0,0,0,0,0,0,0,0,,0,0,0,0,0,0,0,0,0,0,0,TRUE,FALSE,FALSE,TRUE,FALSE,FALSE,STAY
Besties3,We leave no one behind! We’ll wait for you :) i also might be around 5-10 mins latee,0,0,0,0,0,0,0,0,0,0,0,0,,0,0,0,0,0,0,1,0,0,1,0,FALSE,FALSE,FALSE,FALSE,FALSE,FALSE,STAY
Besties1,we still on for tonight otter squad?!,0,0,0,0,0,0,0,0,0,0,0,0,,0,0,0,0,0,0,1,0,0,1,0,FALSE,FALSE,FALSE,FALSE,FALSE,FALSE,STAY
Besties3,WE WAITT,0,0,0,0,0,0,0,0,0,0,0,0,,0,0,0,0,0,0,0,0,0,0,0,TRUE,FALSE,FALSE,FALSE,FALSE,FALSE,STAY
Besties1,Weeew thanks crew! See you an otter time 🦦🙃 heheh,0,0,0,0,0,0,0,0,0,0,0,0,,0,0,0,0,0,0,1,0,0,1,0,FALSE,FALSE,FALSE,FALSE,FALSE,FALSE,STAY
Besties1,Woop woop sounds greeeeat!,0,0,0,0,0,0,0,0,0,0,0,0,,0,0,0,0,0,0,1,0,0,1,0,FALSE,FALSE,FALSE,FALSE,FALSE,FALSE,STAY
Besties1,Yes!! 7 again?,0,0,0,0,0,0,0,0,0,0,0,0,,0,0,0,0,0,0,2,0,0,2,0,FALSE,FALSE,FALSE,FALSE,FALSE,FALSE,STAY
Me.B,Yess works for meee💕💕 ive missed yalls,0,0,0,0,2,0,0,0,0,0,2,2,,0,0,0,0,0,0,0,0,0,0,0,FALSE,FALSE,FALSE,#REF!,#REF!,FALSE,STAY